{
  "manifest": {
    "publishingInformation": {
      "locales": {
        "en-GB": {
          "summary": "Sample Short Description",
          "examplePhrases": [
            "Alexa open project",
            "turn light on",
            "turn light off"
          ],
          "keywords": [],
          "name": "Lights on Lights Off",
          "description": "Sample Full Description",
          "smallIconUri": "file://assets/images/en-GB_smallIconUri.png",
          "largeIconUri": "file://assets/images/en-GB_largeIconUri.png"
        }
      },
      "automaticDistribution": {
        "isActive": false
      },
      "isAvailableWorldwide": true,
      "testingInstructions": "Sample Testing Instructions.",
      "category": "CHILDRENS_LIFE_SKILLS",
      "distributionMode": "PUBLIC",
      "distributionCountries": []
    },
    "apis": {
      "custom": {
        "endpoint": {
          "uri": "arn:aws:lambda:us-east-1:561082351524:function:9cde9bb7-83c3-4e1e-8421-a7237751424b:Release_0"
        },
        "interfaces": [],
        "regions": {
          "EU": {
            "endpoint": {
              "uri": "arn:aws:lambda:eu-west-1:561082351524:function:9cde9bb7-83c3-4e1e-8421-a7237751424b:Release_0"
            }
          },
          "NA": {
            "endpoint": {
              "uri": "arn:aws:lambda:us-east-1:561082351524:function:9cde9bb7-83c3-4e1e-8421-a7237751424b:Release_0"
            }
          },
          "FE": {
            "endpoint": {
              "uri": "arn:aws:lambda:us-west-2:561082351524:function:9cde9bb7-83c3-4e1e-8421-a7237751424b:Release_0"
            }
          }
        }
      }
    },
    "manifestVersion": "1.0",
    "privacyAndCompliance": {
      "allowsPurchases": false,
      "locales": {
        "en-GB": {}
      },
      "containsAds": false,
      "isExportCompliant": true,
      "isChildDirected": false,
      "shoppingKit": {
        "isShoppingActionsEnabled": false,
        "isAmazonAssociatesOnAlexaEnabled": false
      },
      "usesPersonalInfo": false
    }
  }
}