{
  "interactionModel": {
    "languageModel": {
      "invocationName": "project",
      "intents": [
        {
          "name": "AMAZON.NavigateHomeIntent",
          "samples": []
        },
        {
          "name": "AMAZON.CancelIntent",
          "samples": []
        },
        {
          "name": "AMAZON.HelpIntent",
          "samples": []
        },
        {
          "name": "AMAZON.StopIntent",
          "samples": []
        },
        {
          "name": "TurnLightsOnIntent",
          "slots": [],
          "samples": [
            "turn light on"
          ]
        },
        {
          "name": "TurnLightsOffIntent",
          "slots": [],
          "samples": [
            "turn light off"
          ]
        }
      ],
      "types": []
    }
  },
  "version": "9"
}